name,year,quarter,published,market
ARROW,2021,4,"Wed, 23 Feb 2022 22:26:34 +0700",mai
WICE,2021,4,"Wed, 23 Feb 2022 22:22:10 +0700",sSET
ASW,2021,4,"Wed, 23 Feb 2022 22:17:40 +0700",sSET
SKN,2021,4,"Wed, 23 Feb 2022 21:50:01 +0700",sSET
DCON,2021,4,"Wed, 23 Feb 2022 21:45:55 +0700",SET
BEM,2021,4,"Wed, 23 Feb 2022 21:39:07 +0700",SET50 / SETTHSI / SETWB
BPP,2021,4,"Wed, 23 Feb 2022 21:30:54 +0700",SET100 / SETCLMV / SETHD / SETTHSI
TIPH,2021,4,"Wed, 23 Feb 2022 21:22:43 +0700",SET
BANPU,2021,4,"Wed, 23 Feb 2022 21:10:48 +0700",SET50 / SETCLMV / SETTHSI
AMARIN,2021,4,"Wed, 23 Feb 2022 20:15:37 +0700",SET
SINGER,2021,4,"Wed, 23 Feb 2022 20:07:58 +0700",SET100
TNR,2021,4,"Wed, 23 Feb 2022 19:34:21 +0700",sSET
LIT,2021,4,"Wed, 23 Feb 2022 19:16:33 +0700",mai
BJC,2021,4,"Wed, 23 Feb 2022 19:11:18 +0700",SETCLMV / SETTHSI / SETWB
QH,2021,4,"Wed, 23 Feb 2022 19:02:09 +0700",SET100 / SETHD
ICHI,2021,4,"Wed, 23 Feb 2022 19:01:10 +0700",sSET / SETCLMV
RPC,2021,4,"Wed, 23 Feb 2022 18:54:19 +0700",SET
ILINK,2021,4,"Wed, 23 Feb 2022 18:44:38 +0700",sSET
WIIK,2021,4,"Wed, 23 Feb 2022 18:02:13 +0700",SET
MEGA,2021,4,"Wed, 23 Feb 2022 17:59:35 +0700",SET100 / SETCLMV / SETWB
TPIPL,2021,4,"Wed, 23 Feb 2022 17:57:28 +0700",SET
GUNKUL,2021,4,"Wed, 23 Feb 2022 17:53:51 +0700",SET100 / SETCLMV / SETHD / SETTHSI
BDMS,2021,4,"Wed, 23 Feb 2022 17:53:04 +0700",SET50 / SETCLMV / SETTHSI / SETWB
KGI,2021,4,"Wed, 23 Feb 2022 17:49:44 +0700",sSET
OSP,2021,4,"Wed, 23 Feb 2022 17:48:04 +0700",SET50 / SETCLMV / SETHD / SETTHSI / SETWB
TTB,2021,4,"Wed, 23 Feb 2022 17:23:13 +0700",SET50 / SETHD / SETTHSI
UTP,2021,4,"Wed, 23 Feb 2022 17:21:50 +0700",sSET / SETCLMV
TU,2021,4,"Wed, 23 Feb 2022 13:13:18 +0700",SET50 / SETCLMV / SETHD / SETTHSI / SETWB
MFEC,2021,4,"Wed, 23 Feb 2022 13:03:40 +0700",sSET
JUBILE,2021,4,"Wed, 23 Feb 2022 08:20:26 +0700",mai
RATCH,2021,4,"Wed, 23 Feb 2022 08:00:43 +0700",SET50 / SETCLMV / SETHD / SETTHSI
HMPRO,2021,4,"Wed, 23 Feb 2022 07:24:50 +0700",SET50 / SETTHSI / SETWB
III,2021,4,"Wed, 23 Feb 2022 07:17:50 +0700",sSET
