name,year,quarter,published
POLAR,2021,4,"Fri, 05 Aug 2022 20:55:08 +0700"
DOHOME,2022,2,"Fri, 05 Aug 2022 20:51:36 +0700"
NVD,2022,2,"Fri, 05 Aug 2022 19:49:26 +0700"
ROH,2022,2,"Fri, 05 Aug 2022 18:15:12 +0700"
THCOM,2022,2,"Fri, 05 Aug 2022 17:41:18 +0700"
ICC,2022,2,"Fri, 05 Aug 2022 17:35:16 +0700"
PTC,2022,2,"Fri, 05 Aug 2022 17:23:37 +0700"
HFT,2022,2,"Fri, 05 Aug 2022 17:21:29 +0700"
GAHREIT,2022,2,"Fri, 05 Aug 2022 17:16:11 +0700"
STANLY,2022,1,"Fri, 05 Aug 2022 17:10:10 +0700"
GROREIT,2022,2,"Fri, 05 Aug 2022 17:08:38 +0700"
TITLE,2022,2,"Fri, 05 Aug 2022 17:06:53 +0700"
SNC,2022,2,"Fri, 05 Aug 2022 17:05:51 +0700"
PSL,2022,2,"Fri, 05 Aug 2022 17:05:37 +0700"
KYE,2022,1,"Fri, 05 Aug 2022 17:02:42 +0700"
WINMED,2022,2,"Fri, 05 Aug 2022 17:01:22 +0700"
BOL,2022,2,"Fri, 05 Aug 2022 12:50:29 +0700"
RCL,2022,2,"Fri, 05 Aug 2022 12:35:03 +0700"
INSET,2022,2,"Fri, 05 Aug 2022 08:35:49 +0700"
UAC,2022,2,"Fri, 05 Aug 2022 08:16:41 +0700"
SQ,2022,2,"Fri, 05 Aug 2022 07:02:37 +0700"
